-- phpMyAdmin SQL Dump
-- version 5.2.0
-- https://www.phpmyadmin.net/
--
-- Host: 127.0.0.1
-- Waktu pembuatan: 13 Des 2024 pada 14.21
-- Versi server: 10.4.24-MariaDB
-- Versi PHP: 8.1.6

SET SQL_MODE = "NO_AUTO_VALUE_ON_ZERO";
START TRANSACTION;
SET time_zone = "+00:00";


/*!40101 SET @OLD_CHARACTER_SET_CLIENT=@@CHARACTER_SET_CLIENT */;
/*!40101 SET @OLD_CHARACTER_SET_RESULTS=@@CHARACTER_SET_RESULTS */;
/*!40101 SET @OLD_COLLATION_CONNECTION=@@COLLATION_CONNECTION */;
/*!40101 SET NAMES utf8mb4 */;

--
-- Database: `poliklinik`
--

-- --------------------------------------------------------

--
-- Struktur dari tabel `daftar_poli`
--

CREATE TABLE `daftar_poli` (
  `id` int(10) UNSIGNED NOT NULL,
  `id_pasien` int(11) UNSIGNED NOT NULL,
  `id_jadwal` int(11) UNSIGNED NOT NULL,
  `keluhan` text NOT NULL,
  `no_antrian` int(10) UNSIGNED NOT NULL,
  `status_periksa` enum('0','1') NOT NULL
) ENGINE=InnoDB DEFAULT CHARSET=utf8mb4;

--
-- Dumping data untuk tabel `daftar_poli`
--

INSERT INTO `daftar_poli` (`id`, `id_pasien`, `id_jadwal`, `keluhan`, `no_antrian`, `status_periksa`) VALUES
(3, 10, 8, 'Sakit tenggorokan perih\r\n', 1, '1'),
(4, 13, 11, 'Gusi berdarah', 1, '1'),
(5, 10, 8, 'Telinga sakit', 2, '0'),
(6, 14, 13, 'Mata Merah', 1, '1'),
(7, 15, 9, 'kurang gizi', 1, '0'),
(8, 16, 8, 'sakit gigi', 3, '0'),
(9, 15, 14, 'sakit', 1, '1'),
(10, 18, 14, 'sakit ', 2, '1');

-- --------------------------------------------------------

--
-- Struktur dari tabel `detail_periksa`
--

CREATE TABLE `detail_periksa` (
  `id` int(11) NOT NULL,
  `id_periksa` int(11) NOT NULL,
  `id_obat` int(11) NOT NULL
) ENGINE=InnoDB DEFAULT CHARSET=utf8mb4;

--
-- Dumping data untuk tabel `detail_periksa`
--

INSERT INTO `detail_periksa` (`id`, `id_periksa`, `id_obat`) VALUES
(4, 3, 13),
(5, 3, 14),
(6, 4, 19),
(7, 5, 14),
(8, 6, 17),
(9, 6, 18),
(10, 7, 13),
(11, 7, 17);

-- --------------------------------------------------------

--
-- Struktur dari tabel `dokter`
--

CREATE TABLE `dokter` (
  `id` int(11) NOT NULL,
  `nama` varchar(255) NOT NULL,
  `password` varchar(50) NOT NULL,
  `alamat` varchar(255) NOT NULL,
  `no_hp` varchar(50) NOT NULL,
  `id_poli` int(11) NOT NULL
) ENGINE=InnoDB DEFAULT CHARSET=utf8mb4;

--
-- Dumping data untuk tabel `dokter`
--

INSERT INTO `dokter` (`id`, `nama`, `password`, `alamat`, `no_hp`, `id_poli`) VALUES
(12, 'Dr. Lamanuar', 'eee462bf8b460595e91b5aab19fd61c2', 'Jl. Merdeka No.5 RT10/01', '085131284647', 21),
(13, 'Dr. Moza', '839ddfea673b23c89c87ca5bfd74ac3c', 'Jl. Najana ', '0891313467733', 11),
(16, 'Dr.Eric', '0c646b9d777ee31b005228bdc3d469a1', 'Jl. Bangau No.2', '08945101793', 22),
(19, 'budi', '00dfc53ee86af02e742515cdcf075ed3', 'Jl. Simpang 5', '089234567', 22),
(20, 'santo', '7110eda4d09e062aa5e4a390b0a572ac0d2c0220', 'ungaran', '11111111', 23),
(21, 'Dr.Mana', '5b5a59ef4429ff3d4c4d67398fce6a3a', 'Jln.Merdeka no11', '0827112321', 10),
(22, 'Dr.Branded', '793056a901bd6268a55d4b84dea6a75c', 'Jl.Branded no22', '08521313713', 11),
(23, 'Dr.Mirrorjade', 'd2fa42762105475c89b1d0bb86aeee59', 'Jln. Kemenangan no11', '08913613313213', 22),
(24, 'Dr.Labyrinth', 'afb213dc40d4e94c4266d7bf422ace3b', 'Jl.Kelamaan no21', '08951624614', 23),
(25, 'DrNaseem', 'mieayam', 'jl.ngaliyan no11', '08213213173', 10),
(26, 'naseemkw', 'da1db40eb6073ddb47fe4c3728b70e85', 'jl.nana', '0896235136', 10),
(27, 'mana', 'a01610228fe998f515a72dd730294d87', 'semarang', '082312313', 23);

-- --------------------------------------------------------

--
-- Struktur dari tabel `jadwal_periksa`
--

CREATE TABLE `jadwal_periksa` (
  `id` int(10) UNSIGNED NOT NULL,
  `id_dokter` int(11) NOT NULL,
  `hari` enum('Senin','Selasa','Rabu','Kamis','Jumat','Sabtu') NOT NULL,
  `jam_mulai` time NOT NULL,
  `jam_selesai` time NOT NULL,
  `aktif` char(1) NOT NULL DEFAULT 'N'
) ENGINE=InnoDB DEFAULT CHARSET=utf8mb4;

--
-- Dumping data untuk tabel `jadwal_periksa`
--

INSERT INTO `jadwal_periksa` (`id`, `id_dokter`, `hari`, `jam_mulai`, `jam_selesai`, `aktif`) VALUES
(6, 12, 'Senin', '08:00:00', '12:00:00', 'N'),
(7, 12, 'Selasa', '13:00:00', '17:00:00', 'N'),
(8, 12, 'Senin', '18:00:00', '22:00:00', 'Y'),
(9, 13, 'Senin', '13:00:00', '17:00:00', 'Y'),
(10, 16, 'Senin', '08:00:00', '12:00:00', 'N'),
(11, 16, 'Selasa', '13:00:00', '17:00:00', 'Y'),
(12, 19, 'Senin', '08:00:00', '12:30:00', 'N'),
(13, 19, 'Senin', '13:00:00', '15:30:00', 'Y'),
(14, 26, 'Kamis', '11:00:00', '15:00:00', 'Y'),
(15, 26, 'Rabu', '01:00:00', '07:00:00', 'N'),
(16, 26, 'Rabu', '12:00:00', '20:00:00', 'N');

-- --------------------------------------------------------

--
-- Struktur dari tabel `obat`
--

CREATE TABLE `obat` (
  `id` int(11) NOT NULL,
  `nama_obat` varchar(50) NOT NULL,
  `kemasan` varchar(35) NOT NULL,
  `harga` int(11) NOT NULL
) ENGINE=InnoDB DEFAULT CHARSET=utf8mb4;

--
-- Dumping data untuk tabel `obat`
--

INSERT INTO `obat` (`id`, `nama_obat`, `kemasan`, `harga`) VALUES
(11, 'Obat Batuk', 'Kaplet', 18000),
(12, 'Obat Pusing', 'botol', 32000),
(13, 'Vitamin C', 'Botol Pil', 10000),
(14, 'Vitamin B Complex', 'Botol Pil', 10000),
(17, 'Obat Radang', 'Kaplet', 23000),
(18, 'Obat Diare', 'Kaplet', 12000),
(19, 'Vitamin A', 'Tablet', 8000);

-- --------------------------------------------------------

--
-- Struktur dari tabel `pasien`
--

CREATE TABLE `pasien` (
  `id` int(10) UNSIGNED NOT NULL,
  `nama` varchar(255) NOT NULL,
  `password` varchar(50) NOT NULL,
  `alamat` varchar(255) NOT NULL,
  `no_ktp` varchar(255) NOT NULL,
  `no_hp` varchar(50) NOT NULL,
  `no_rm` varchar(25) NOT NULL
) ENGINE=InnoDB DEFAULT CHARSET=utf8mb4;

--
-- Dumping data untuk tabel `pasien`
--

INSERT INTO `pasien` (`id`, `nama`, `password`, `alamat`, `no_ktp`, `no_hp`, `no_rm`) VALUES
(10, 'Andra', 'e83ef9da2046e040c6a7017fd6912e08', 'Semarang', '123', '085', '202401-001'),
(13, 'Budi', '827ccb0eea8a706c4c34a16891f84e7b', 'Semarang', '0987654', '98765', '202401-002'),
(14, 'Dian', '827ccb0eea8a706c4c34a16891f84e7b', 'Semarang', '9876543', '0878', '202401-003'),
(15, 'panji', '81dc9bdb52d04dc20036dbd8313ed055', 'ungaran', '1111', '6666666', '202412-004'),
(16, 'nana', 'a01610228fe998f515a72dd730294d87', 'ungaran timur', '131233', '087361224', '202412-005'),
(18, 'budi', 'a01610228fe998f515a72dd730294d87', 'semarang', '332213173', '0896446744', '202412-007');

-- --------------------------------------------------------

--
-- Struktur dari tabel `periksa`
--

CREATE TABLE `periksa` (
  `id` int(11) NOT NULL,
  `id_daftar_poli` int(11) UNSIGNED NOT NULL,
  `tgl_periksa` datetime NOT NULL,
  `catatan` text NOT NULL,
  `biaya_periksa` int(11) NOT NULL
) ENGINE=InnoDB DEFAULT CHARSET=utf8mb4;

--
-- Dumping data untuk tabel `periksa`
--

INSERT INTO `periksa` (`id`, `id_daftar_poli`, `tgl_periksa`, `catatan`, `biaya_periksa`) VALUES
(3, 3, '2024-01-08 01:07:00', 'silahkan tidur cukup', 170000),
(4, 6, '2024-01-08 14:15:00', 'sudah sedikit membaik, jangan lupa habiskan obatnya', 158000),
(5, 4, '2024-12-10 09:57:00', 'perbanyak minum vitamin', 160000),
(6, 9, '2024-12-12 13:11:00', 'minum obat secara rutin', 185000),
(7, 10, '2024-12-13 20:07:00', 'rutin minum obat', 183000);

-- --------------------------------------------------------

--
-- Struktur dari tabel `poli`
--

CREATE TABLE `poli` (
  `id` int(11) NOT NULL,
  `nama_poli` varchar(25) NOT NULL,
  `keterangan` text NOT NULL
) ENGINE=InnoDB DEFAULT CHARSET=utf8mb4;

--
-- Dumping data untuk tabel `poli`
--

INSERT INTO `poli` (`id`, `nama_poli`, `keterangan`) VALUES
(10, 'Poli THT', 'Available'),
(11, 'Poli Gigi', 'Available'),
(21, 'Poli Gizi', 'kosong'),
(22, 'Poli Mata Baik', 'kosong'),
(23, 'Poli Syaraf', 'Available '),
(24, 'Poli jantung', '');

--
-- Indexes for dumped tables
--

--
-- Indeks untuk tabel `daftar_poli`
--
ALTER TABLE `daftar_poli`
  ADD PRIMARY KEY (`id`),
  ADD KEY `fk_daftarPoli_jadwal` (`id_jadwal`),
  ADD KEY `fk_daftarPoli_pasien` (`id_pasien`);

--
-- Indeks untuk tabel `detail_periksa`
--
ALTER TABLE `detail_periksa`
  ADD PRIMARY KEY (`id`),
  ADD KEY `fk_detailPeriksa_periksa` (`id_periksa`),
  ADD KEY `fk_detailPeriksa_obat` (`id_obat`);

--
-- Indeks untuk tabel `dokter`
--
ALTER TABLE `dokter`
  ADD PRIMARY KEY (`id`),
  ADD KEY `fk_dokter_poli` (`id_poli`);

--
-- Indeks untuk tabel `jadwal_periksa`
--
ALTER TABLE `jadwal_periksa`
  ADD PRIMARY KEY (`id`),
  ADD KEY `fk_jadwal_dokter` (`id_dokter`);

--
-- Indeks untuk tabel `obat`
--
ALTER TABLE `obat`
  ADD PRIMARY KEY (`id`);

--
-- Indeks untuk tabel `pasien`
--
ALTER TABLE `pasien`
  ADD PRIMARY KEY (`id`);

--
-- Indeks untuk tabel `periksa`
--
ALTER TABLE `periksa`
  ADD PRIMARY KEY (`id`),
  ADD KEY `fk_periksa_daftarPoli` (`id_daftar_poli`);

--
-- Indeks untuk tabel `poli`
--
ALTER TABLE `poli`
  ADD PRIMARY KEY (`id`);

--
-- AUTO_INCREMENT untuk tabel yang dibuang
--

--
-- AUTO_INCREMENT untuk tabel `daftar_poli`
--
ALTER TABLE `daftar_poli`
  MODIFY `id` int(10) UNSIGNED NOT NULL AUTO_INCREMENT, AUTO_INCREMENT=11;

--
-- AUTO_INCREMENT untuk tabel `detail_periksa`
--
ALTER TABLE `detail_periksa`
  MODIFY `id` int(11) NOT NULL AUTO_INCREMENT, AUTO_INCREMENT=12;

--
-- AUTO_INCREMENT untuk tabel `dokter`
--
ALTER TABLE `dokter`
  MODIFY `id` int(11) NOT NULL AUTO_INCREMENT, AUTO_INCREMENT=28;

--
-- AUTO_INCREMENT untuk tabel `jadwal_periksa`
--
ALTER TABLE `jadwal_periksa`
  MODIFY `id` int(10) UNSIGNED NOT NULL AUTO_INCREMENT, AUTO_INCREMENT=17;

--
-- AUTO_INCREMENT untuk tabel `obat`
--
ALTER TABLE `obat`
  MODIFY `id` int(11) NOT NULL AUTO_INCREMENT, AUTO_INCREMENT=20;

--
-- AUTO_INCREMENT untuk tabel `pasien`
--
ALTER TABLE `pasien`
  MODIFY `id` int(10) UNSIGNED NOT NULL AUTO_INCREMENT, AUTO_INCREMENT=19;

--
-- AUTO_INCREMENT untuk tabel `periksa`
--
ALTER TABLE `periksa`
  MODIFY `id` int(11) NOT NULL AUTO_INCREMENT, AUTO_INCREMENT=8;

--
-- AUTO_INCREMENT untuk tabel `poli`
--
ALTER TABLE `poli`
  MODIFY `id` int(11) NOT NULL AUTO_INCREMENT, AUTO_INCREMENT=25;

--
-- Ketidakleluasaan untuk tabel pelimpahan (Dumped Tables)
--

--
-- Ketidakleluasaan untuk tabel `daftar_poli`
--
ALTER TABLE `daftar_poli`
  ADD CONSTRAINT `fk_daftarPoli_jadwal` FOREIGN KEY (`id_jadwal`) REFERENCES `jadwal_periksa` (`id`),
  ADD CONSTRAINT `fk_daftarPoli_pasien` FOREIGN KEY (`id_pasien`) REFERENCES `pasien` (`id`);

--
-- Ketidakleluasaan untuk tabel `detail_periksa`
--
ALTER TABLE `detail_periksa`
  ADD CONSTRAINT `fk_detailPeriksa_obat` FOREIGN KEY (`id_obat`) REFERENCES `obat` (`id`),
  ADD CONSTRAINT `fk_detailPeriksa_periksa` FOREIGN KEY (`id_periksa`) REFERENCES `periksa` (`id`);

--
-- Ketidakleluasaan untuk tabel `dokter`
--
ALTER TABLE `dokter`
  ADD CONSTRAINT `fk_dokter_poli` FOREIGN KEY (`id_poli`) REFERENCES `poli` (`id`);

--
-- Ketidakleluasaan untuk tabel `jadwal_periksa`
--
ALTER TABLE `jadwal_periksa`
  ADD CONSTRAINT `fk_jadwal_dokter` FOREIGN KEY (`id_dokter`) REFERENCES `dokter` (`id`);

--
-- Ketidakleluasaan untuk tabel `periksa`
--
ALTER TABLE `periksa`
  ADD CONSTRAINT `fk_periksa_daftarPoli` FOREIGN KEY (`id_daftar_poli`) REFERENCES `daftar_poli` (`id`);
COMMIT;

/*!40101 SET CHARACTER_SET_CLIENT=@OLD_CHARACTER_SET_CLIENT */;
/*!40101 SET CHARACTER_SET_RESULTS=@OLD_CHARACTER_SET_RESULTS */;
/*!40101 SET COLLATION_CONNECTION=@OLD_COLLATION_CONNECTION */;
